ICAPM - Scopus, EI 2018	2018 8th International Conference on Applied Physics and Mathematics (ICAPM 2018)--Scopus, EI Compendex and ISI	Phuket, Thailand
ICMSCE--Ei, Scopus 2018	2018 2nd International Conference on Mechatronics Systems and Control Engineering (ICMSCE 2018)--ACM, Ei Compendex, Scopus	Amsterdam, Netherland
ICMM--Ei & Scopus 2018	2018 9th International Conference on Mechatronics and Manufacturing (ICMM 2018)--Ei Compendex and Scopus	Phuket, Thailand
AAAI-ATSE 2018	AAAI-18 Workshop on artificial intelligence applied to assistive technologies and smart environments 	New Orleans, USA
ACM--ICRIS--Ei 2018	2018 International Conference on Robotics and Intelligent System (ICRIS 2018)--ACM, Ei Compendex, Scopus	Amsterdam, Netherland
IEEE--ICCSSE--Ei & Scopus 2018	2018 The 4th International Conference on Control Science and Systems Engineering (ICCSSE 2018)--IEEE, Ei & Scopus	Wuhan, China
ICMLSC - ACM - Ei 2018	ACM--2018 the 2nd International Conference on Machine Learning and Soft Computing (ICMLSC 2018)--Ei Compendex & Scopus	Phuoc Island, Vietnam
ICSRT 2018--ACM, Ei Compendex 2018	2018 International Conference on Service Robotics Technologies (ICSRT 2018)--ACM, Ei Compendex	Chengdu, China
ICOAR--Scopus 2018	2018 2nd International Conference on Automation and Robotics (ICOAR 2018)--Scopus	Male, Maldives
ICACR--Ei and Scopus 2017	2017 International Conference on Automation, Control and Robotics (ICACR 2017)--Ei Compendex and Scopus	Wuhan, China
BioS 2017	3rd International Conference on Bioinformatics & Biosciences	Chennai, India
CSTY 2017	3rd International Conference on Computer Science and Information Technology (CSTY-2017)	Chennai, India
ICSS 2017	3rd International Conference on Software Security	Sydney, Australia
AI 2017	3rd International Conference on Artificial Intelligence and Applications	Chennai, India
NATP  2017	3rd International Conference on Natural Language Processing 	Dubai, UAE
SIGI 2017	3rd International Conference on Signal and Image Processing	Chennai, India
ICRAI 2017	2017 International Conference on Robotics and Artificial Intelligence-ACM	Shanghai, China
ICICC - Ei 2018	2018 International Conference on Intelligent Control and Computing (ICICC 2018)--Ei Compendex & Scopus	Manila, Philippines
MACE - Ei 2018	The Second International Conference on Mechanical Automation and Control Engineering(MACE 2018)--Ei Compendex & Scopus	Manila, Philippines
ICLR 2018	6th International Conference on Learning Representations	Vancouver, Canada
AIAP 2018	5th International Conference on Artificial Intelligence and Applications 	Zurich, Switzerland
JSE 2018	7th International Conference on Software Engineering and Applications 	Dubai, UAE
ITCS 2018	7th International Conference on Information Technology Convergence and Services	Dubai, UAE
CCSEIT 2018	8th International Conference on Computer Science, Engineering and Information Technology	Zurich, Switzerland
ECDMO - Ei & Scopus 2018	2018 2nd European Conference on Design, Modeling and Optimization (ECDMO 2018)--EI Compendex, Scopus	Krakow, Poland
ICBBB - Ei 2018	2018 8th International Conference on Bioscience, Biochemistry and Bioinformatics (ICBBB 2018)--Ei Compendex, Scopus and ISI	Tokyo, Japan
ICRAE 2017	2017 2nd International Conference on Robotics and Automation Engineering (ICRAE 2017)--IEEE Xplore and Ei Compendex	Shanghai, China
ICMRE - Ei & Scopus 2018	2018 4th International Conference on Mechatronics and Robotics Engineering (ICMRE 2018)--Ei Compendex & Scopus	Valenciennes, France
ICCTD--EI, Scopus 2018	2018 9th International Conference on Computer Technologies and Development (ICCTD 2018)--EI Compendex, Scopus	Istanbul, Turkey
Ei - ICSCA - ACM  2018	ACM--2018 7th International Conference on Software and Computer Applications (ICSCA 2018)--Ei Compendex, Scopus and ISI	Kuantan, Malaysia
ICVIP - Ei 2017	2017 International Conference on Video and Image Processing (ICVIP 2017)--Ei and Scopus	Singapore
EI-CCEAI 2018	EI/SCOPUS-2018 2nd International Conference on Control Engineering and Artificial Intelligence (CCEAI 2018)	Boracay, Philipines
BigData4SmartEnergy 2018	The First International Workshop on Big Data Analysis for Smart Energy	Shanghai, China
ICBCB 2018--Ei, Scopus 2018	2018 6th International Conference on Bioinformatics and Computational Biology (ICBCB 2018)--Ei Compendex, Scopus and ISI	Chengdu, China
ACM--ICCAI 2018--Ei, Scopus 2018	ACM--2018 International Conference on Computing and Artificial Intelligence (ICCAI 2018)--Ei Compendex and Scopus	Chengdu, China
ICMCR - Ei & Scopus 2018	2018 International Conference on Mechatronics, Control and Robotics (ICMCR 2018)--EI Compendex, Scopus	Ho Chi Minh, Vietnam
AI4Health 2018	International Workshop on Artificial Intelligence for Health	Funchal, Portugal
IEEE--ICICT--Ei, Scopus 2018	2018 International Conference on Information and Computer Technologies (ICICT 2018)--Ei & Scopus	DeKalb, USA
MPREF  2018	11th Multidisciplinary Workshop on Advances in Preference Handling (M-PREF)	New Orleans, USA
ICMLC - Ei 2018	2018 10th International Conference on Machine Learning and Computing (ICMLC 2018)--ACM, Ei Compendex and Scopus	Macau, China
ICAMS 2018	2018 5th International Conference on Advances and Management Sciences (ICAMS 2018)	Torino, Italy
Ei - ICBCT 2018	2018 2nd International Conference on Bioinformatics and Computing Technologies (ICBCT 2018)--Ei Compendex	Hanoi, Vietnam
ACM--ICGDA--Ei, Scopus 2018	ACM--2018 the International Conference on Geoinformatics and Data Analysis (ICGDA 2018)--Ei, ISI and Scopus	Prague, Czech Republic
ICIIT - Ei & Scopus 2018	2018 International Conference on Intelligent Information Technology (ICIIT 2018)--Ei Compendex, Scopus and ISI	Hanoi, Vietnam
Ei - ICCAE 2018	2018 10th International Conference on Computer and Automation Engineering (ICCAE 2018)--Ei Compendex and Scopus	Brisbane, Australia
KBCOM 2018	1st Workshop on Knowledge Base Construction, Reasoning and Mining (KBCOM) 2018	Los Angeles, California
AAMAS 2018	International Conference on Autonomous Agents and Multiagent Systems (AAMAS-18)	Stockholm, Sweden
ICCRI--EI, Scopus 2018	2018 International Conference on Control, Robotics and Informatics (ICCRI 2018)--EI Compendex, Scopus	Kuala Lumpur, Malaysia
ICPRAI 2018	International Conference on Pattern Recognition and Artificial Intelligence	Montreal, Quebec
ICIAS--Ei 2018	2018 IEEE International Conference on Intelligent Autonomous Systems (ICIAS 2018)--Ei Compendex and Scopus	Singapore
CVPR 2018	Computer Vision and Pattern Recognition	Salt Lake City, USA
ICIIC--IEEE Xplore, Ei 2018	2018 International Conference on Integrated Intelligent Computing (ICIIC 2018)--IEEE Xplore, Ei Compendex and Scopus	Singapore
ACM--ICSSE--Ei, Scopus 2018	ACM--2018 the International Conference on Software and Services Engineering(ICSSE 2018)--Ei, ISI and Scopus	Prague, Czech Republic
ICCMS - Ei & Scopus 2018	ACM--The 10th International Conference on Computer Modeling and Simulation (ICCMS 2018)	Sydney, Australia
ACM - ICIAI 2018	ACM--2018 2nd International Conference on Innovation in Artificial Intelligence (ICIAI 2018)--Ei Compendex, Scopus, and ISI	Shanghai, China
ICICA 2018	The 7th International Conference on Intelligent Computing and Applications (ICICA 2018)	Sydney, Australia
ICAISC 2018	International Conference on Artificial Intelligence and Soft Computing	Zakopane, Poland
IEEE-ICCAR-Ei & SCOPUS 2018	(IEEE-ICCAR 2018) 2018 The 4th International Conference on Control, Automation and Robotics--Ei Compendex & SCOPUS	Auckland, New Zealand
ISMSI--Ei Compendex, Scopus and ISI 2018	2018 2nd International Conference on Intelligent Systems, Metaheuristics & Swarm Intelligence (ISMSI 2018)--Ei Compendex, Scopus and ISI	Phuket, Thailand
ICVR-Ei 2018	2018 4th International Conference on Virtual Reality (ICVR 2018)--Ei Compendex and Scopus	Hong Kong
SLIE 2018	Semantic, Logics, Information Extraction and AI 	Melbourne, USA
AIHealth@FLAIRS  2018	FLAIRS 2018 Special Track on Artificial Intelligence in Healthcare Informatics	Melbourne, USA
ICIGP-Ei 2018	2018 International Conference on Image and Graphics Processing (ICIGP 2018)--Ei Compendex and Scopus	Hong Kong
NIC 2018	Workshop on Nature Inspired Computing 	Naples, Italy
CSPA 2018	14th IEEE Colloquium on Signal Processing and its Applications (CSPA 2018)	Penang, Malaysia
ICGHIT 2018	6Th ICGHIT - Extended Papers Published in LNEE/SCI/Ei Compendex/Scopus Journals	Chiang Mai, Thailand
ICDIS 2018	2018 First International Conference on Data Intelligence and Security	South Padre Island, USA
FoIKS 2018	10th International Symposium on Foundations of Information and Knowledge Systems	Budapest, Hungary
ISCSAI 2017	2017 International Symposium on Computer Science and Artificial Intelligence	Shenzhen, China
UKAIS 2018	The 23rd UK Academy for Information Systems (UKAIS) International Conference	Oxford, UK
IEEE--ICCCBDA--Ei and Scopus 2018	2018 the 3rd IEEE International Conference on Cloud Computing and Big Data Analysis (ICCCBDA 2018)--Ei Compendex and Scopus	Chengdu, China
ICMAI--EI Compendex and Scopus 2018	2018 International Conference on Mathematics and Artificial Intelligence (ICMAI 2018)--EI Compendex and Scopus	Chengdu, China
ICISS--Ei Compendex and Scopus 2018	2018 International Conference on Information Science and System (ICISS 2018)--Ei Compendex and Scopus	Jeju Island, South Korea
ICRIC--Ei Compendex and Scopus 2018	The 2018 International Conference on Robotics and Intelligent Control (ICRIC 2018)--Ei Compendex and Scopus	Nagoya, Japan
CPAIOR 2018	15th International Conference on the Integration of Constraint Programming, Artificial Intelligence, and Operations Research	Delft, The Netherlands
ICCRE--IEEE, Ei 2018	2018 IEEE 3rd International Conference on Control and Robotics Engineering (ICCRE 2018)--IEEE Xplore and Ei Compendex	Nagoya, Japan
ICCCS--Ei and Scopus 2018	2018 3rd International Conference on Computer and Communication Systems (ICCCS 2018)--Ei Compendex and Scopus	Nagoya, Japan
SMART  2017	Scientific Methods in Academic Research and Teaching	Timisoara, Romania
ACM--ICMSR--Ei, Scopus and ISI 2018	2018 International Conference on Mechatronic Systems and Robots (ICMSR 2018)--ACM, Ei, Scopus and ISI	Singapore
CIAALS 2018	Workshop on Computational Intelligence in Ambient Assisted Living Systems 	Porto, Portugal
ICMEAE--Ei and Scopus 2018	2018 5th International Conference on Mechatronics, Electronics and Automation Engineering (ICMEAE 2018)--Ei Compendex and Scopus 	Nagoya, Japan
IPMU 2018	17th Information Processing and Management of Uncertainty in Knowledge-Based Systems Conference	Cadiz, Spain
ICDIP-SPIE 2018	ICDIP 2018 The 10th International Conference on Digital Image Processing--Ei Compendex, Scopus and CPCI	Shanghai, China
ICUASA 2018	2018 International Conference on Umanned Aerial Systems and Aerospace(ICUASA 2018)	Shanghai, China
ICINT--EI, Scopus 2018	2018 3rd International Conference on Information and Network Technologies (ICINT 2018)--EI Compendex, Scopus	Osaka, Japan
ICMRA--Ei & Scopus 2018	2018 International Conference on Mechatronics,Robotics and Automation (ICMRA 2018)--Ei & Scopus	Hefei, China
ICMVA--EI Compendex, Scopus 2018	2018 The International Conference on Machine Vision and Applications (ICMVA 2018)--EI Compendex, Scopus	Singapore
Ei - ICBDA - IEEE 2018	2018 IEEE 3rd International Conference on Big Data Analysis (ICBDA 2018)--IEEE Xplore and Ei Compendex	Shanghai, China
ICFCC--Ei & Scopus 2018	2018 The 10th International Conference on Future Computer and Communication (ICFCC 2018)--Ei & Scopus	Singapore
ParLearning 2018	The 7th International Workshop on Parallel and Distributed Computing for Large Scale Machine Learning and Big Data Analytics	Vancouver, Canada
ISNN 2018	15th International Symposium on Neural Networks 	Minsk, Belarus
ICAISE--IEEE, EI and Scopus 2018	2018 International Conference on Artificial Intelligence and Software Engineering (ICAISE 2018)--IEEE, EI Compendex and Scopus	Chengdu, China
AIAI 2018	14th Artificial Intelligence Applications and Innovations 2018	Rhodes, Greece
ICMLT--Ei and Scopus 2018	2018 International Conference on Machine Learning Technologies (ICMLT 2018)--Ei Compendex and Scopus	Jinan, China
SPIE--IWPR--Ei Compendex, Scopus 2018	SPIE--2018 the 3rd International Workshop on Pattern Recognition (IWPR 2018)--Ei, Scopus and ISI	Jinan, China
EAIS 2018	Evolving and Adaptive Intelligent Systems 2018	Rhodes, Greece
ITS 2018	The 14th International Conference on Intelligent Tutoring Systems	Montreal, Canada
ITS 2018	Intelligent Tutoring Systems	Montreal, Canada
GECCO 2018	Genetic and Evolutionary Computation Conference	Kyoto, Japan
IJCAI 2018	International Joint Conferences on Artificial Intelligence Organization	Stockholm, Sweden
ISASE-MAICS 2018	The 4th International Symposium on Affective Science and Engineering and the 29th Modern Artificial Intelligence and Cognitive Science Conference	Spokane, USA
DCAI 2018	15th International Conference on Distributed Computing and Artificial Intelligence	Toledo, Spain
ICMSC - Ei 2018	IEEE-ICMSC 2018-International Conference on Mechanical, System and Control Engineering--Ei Compendex & Scopus	Moscow, Russia
AIMS 2018	The 7th International Conference on AI and Mobile Services	Seattle, USA
ACL 2018	56th Annual Meeting of the Association for Computational Linguistics	Melbourne, Australia
BigData Congress 2018	The 7th International Congress on Big Data	Seattle, USA
INISTA  2018	IEEE International Conference on Innovations in Intelligent SysTems and Applications 	Thessaloniki, Greece
ECCV 2018	European Conference on Computer Vision	Munich, Germany
CIG 2018	2018 IEEE Conference on Computational Intelligence and Games	Maastricht, the Netherlands
MESS 2018	Metaheuristics Summer School	Taormina-Sicily, Italy
ICCBR 2018	International Conference on Case-Based Reasoning	Stockholm, Sweden
ICISIP 2018	The 6th IIAE International Conference on Intelligent Systems and Image Processing 2018	Matsue, Japan
ACIIDS 2018	10th Asian Conference on Intelligent Information and Database Systems	Dong Hoi City, Vietnam
StoryCase 2012	ICCBR-12 Workshop on Stories, Episodes, and Cases (StoryCase)	Lyon, France
CLOSER 2018	8th International Conference on Cloud Computing and Services Science	Funchal, Portugal
CSAI - Ei &Scopus 2017	2017 International Conference on Computer Science and Artificial Intelligence (CSAI 2017)--Ei Compendex & Scopus	Jakarta, Indonesia
IUI 2017	Intelligent User Interfaces	Limassol, Cyprus
AISTATS 2018	The 21st International Conference on Artificial Intelligence and Statistics	Playa Blanca, Lanzarote
ISICS 2018	International Symposium on Intelligent Computing Systems - ISICS 2018	Merida, Mexico
ARIN 2017	3rd International Conference on Artificial Intelligence	Dubai, UAE
SAI 2017	6 th International Conference on Soft Computing, Artificial Intelligence and Applications 	Sydney, Australia
ACM--ICMCE 2017	ACM--2017 6th International Conference on Mechatronics and Control Engineering (ICMCE 2017)--Ei Compendex, ISI Web of Science and Scopus	St. Petersburg, Russia
ICROM-Ei 2017	Ei--2017 the International Conference on Robotics and Electromechanical (ICRoM 2017)--Scopus	Hong Kong
WoLGA 2018	Workshop on Logical Geometry and its Applications	Vichy, France
ICMME - Ei 2017	2017 The 4th International Conference on Mechatronics and Mechanical Engineering (ICMME 2017)--Ei Compendex and Scopus	Kuala Lumpur, Malaysia
KRR@SAC 2018	KRR@SAC 2018 : Knowledge Representation and Reasoning (track of the 33rd ACM/SIGAPP Symposium On Applied Computing)	Pau, France
ICSC 2018	12th IEEE International Conference on Semantic Computing (ICSC 2018)	Laguna Hills, USA
ICBSB - Ei 2017	2017 2nd International Conference on Biomedical Signal and Bioinformatics (ICBSB 2017)--Ei Compendex and Scopus	Auckland, New Zealand
ICSPS - Ei 2017	2017 9th International Conference on Signal Processing Systems (ICSPS 2017)--Ei Compendex and Scopus	Auckland, New Zealand
MedPRAI 2018	The Second Mediterranean Conference on Pattern Recognition and Artificial Intelligence (MedPRAI-2018)	Rabat, Morocco
ICCCB - Ei 2017	2017 International Conference on Computational Chemistry and Biology (ICCCB 2017)--EI Compendex, Scopus	Barcelona, Spain
WCICSS 2017	The World Congress on Industrial Control Systems Security	Cambridge, United Kingdom
RiTA 2017	The 5th International Conference on Robot Intelligence Technology and Applications 	Daejeon, South Korea
ICITDA 2017	International Conference on Information Technology and Digital Applications	Yogyakarta, Indonesia
ICMERR 2017	2017 2nd International Conference on Mechanical Engineering and Robotics Research (ICMERR 2017)-EI Compendex, Scopus	Paris, France
ACMLC--EI Compendex, Scopus 2017	2017 Asia Conference on Machine Learning and Computing (ACMLC 2017)--EI Compendex, Scopus	Singapore
ICBRA - Ei 2017	2017 International Conference on Bioinformatics Research and Applications (ICBRA 2017)--Ei Compendex, Scopus and ISI	Barcelona, Spain
KARE  2017	KARE 2017 - The 9th International Workshop on Knowledge Acquisition Reuse & Evaluation	Jaipur, India
CSBio 2017	The 8th International Conference on Computational Systems-Biology and Bioinformatics (CSBio 2017) 	NhaTrang, Vietnam
IEEE ITNEC 2017	2017 IEEE 2nd Information Technology,Networking,Electronic and Automation Control Conference	Chengdu, China
IEEE - ISCMI 2017	2017 4th Intl. Conference on Soft Computing & Machine Intelligence (ISCMI 2017)--IEEE Xplore, Ei Compendex	Pointe aux Piments, Mauritius
SoICT 2017	The Eighth International Symposium on Information and Communication Technology	NhaTrang, Vietnam
ICBBE - Ei 2017	2017 4th International Conference on Biomedical and Bioinformatics Engineering (ICBBE 2017) - ACM and Ei Compendex	Seoul, South Korea
ICBEF 2017	2017 International Conference on Biometric Engineering and Forensics (ICBEF 2017)-Ei Compendex, Scopus and ISI	Seoul, South Korea
CRoNe 2017	3rd Congress on Robotics and Neuroscience	Valparaiso, Chile
ICMV 2017	2017 The 10th International Conference on Machine Vision (ICMV 2017) - SPIE	Vienna, Austria
ACM SAC-COCO 2018	Cognitive Computing Track @ The 33nd ACM Symposium on Applied Computing - ACM SAC 2018	Pau, France
PRASA-RobMech 2017	Symposium of the Pattern Recognition Association of South Africa (PRASA) and Conference of Robotics and Mechatronics (RobMech)	Bloemfontein, South Africa
TAAI 2017	The 22nd Conference on Technologies and Applications of Artificial Intelligence [Deadline Extended]	Taipei, Taiwan
AAAI 2018	The Thirty-Second AAAI Conference on Artificial Intelligence	New Orleans, USA
LKE 2017	5th International Symposium on Language & Knowledge Engineering	Puebla, Mexico
MVIP 2017	The 10th Iranian Conference on Machine Vision and Image Processing	Isfahan, Iran
CORE 2017	CORE 2017 (17th International Congress on Computer Science)	Mexico City, Mexico
AI*AAL.it 2017	Third Italian Workshop on Artificial Intelligence for Ambient Assisted Living	Bari, Italy
ICOAI 2017	2017 4th International Conference on Artificial Intelligence (ICOAI 2017)	Florence, Italy
ARCS (SITIS) 2017	International Workshop on Advances in Robotics and Cognitive Systems (co-located with SITIS2017)	Jaipur, India
AIVR 2017	1st Workshop on Artificial Intelligence Meets Virtual and Augmented Realities (AI-VR) in conjuction with SIGGRAPH Asia	Bangkok, Thailand
ICCMA - Ei 2017	2017 The 5th International conference on Control, Mechatronics and Automation   (ICCMA 2017)--Ei Compendex and Scopus	Edmonton, Canada
ICMAM - Ei 2017	2017 4th International Conference on Mechatronics, Automation and Manufacturing (ICMAM 2017)--EI Compendex, Scopus	Phuket, Thailand
MIKE 2017	Mining Intelligence and Knowledge Exploration, The Fifth International Conference	Hyderabad, India
ICCBB 2017	2017 International Conference on Computational Biology and Bioinformatics (ICCBB 2017)--Ei Compendex, Scopus and CPCI	Newark, USA
IS 2017	International Conference "Interactive Systems: Problems of Human-Computer Interaction"	Ulyanovsk, Russia
MECN 2017	3rd International Conference on Mechanical Engineering 	Dubai, UAE
WAAISC 2017	1st Workshop on Applications of Artificial Intelligence in Smart Cities	Boston, USA
SoDeLIA 2017	Special Session on Deep Learning and Its Applications	Gadong, Brunei
ICCASA 2017	6th EAI International Conference on Context-Aware Systems and Applications	Tam Ky City, Vietnam
ICTCC 2017	3rd International Conference on NaTure of Computation and Communication	Tam Ky City, Vietnam
IES 2017	The 21st Asia Pacific Symposium on Intelligent and Evolutionary Systems (IES 2017)	Hanoi, Vietnam
AIC 2017	5th International Workshop on Artificial Intelligence and Cognition	Larnaca, Cyprus
ICIIP 2017	6th International Conference on Intelligent Information Processing(ICIIP 2017)	London, UK
ACML  2017	The 9th Asian Conference on Machine Learning	Seoul, South Korea
ICICT 2017	CFP - The IEEE International Conference ICICT at India, Due: 4 Aug 2017	Tamil Nadu, India
FICC 2018	The FICC 2018 at Singapore, Paper Submission Due: August 1st 2017	Singapore
RA  2017	The 18th IASTED International Conference on Robotics and Applications 	Cambridge, USA
ICPET 2017	International Conference on Promising Electronic Technologies 2017	Deir El-Balah, Palestine
IEEE Bigcomp 2018	2018 IEEE International Conference on Big Data and Smart Computing	Shanghai, China
ICSR 2017	The 9th International Conference on Social Robotics 	Tsukuba, Japan
ICAART 2018	10th International Conference on Agents and Artificial Intelligence	Funchal, Portugal
ICPRAM 2018	7th International Conference on Pattern Recognition Applications and Methods	Funchal, Portugal
SafeThings 2017	ACM Workshop on the Internet of Safe Things	Delft, The Netherlands
LAWCN 2017	Latin-American Workshop on Computational Neuroscience	Porto Alegre, Brazil
WOMoCoE 2017	2nd International Workshop on Ontology Modularity, Contextuality, and Evolution	Vienna, Austria
K-CAP 2017	The Ninth International Conference on Knowledge Capture	Austin, USA
ISWC poster&demo 2017	ISWC 2017 : 16th International Semantic Web Conference (poster and demo session)	Vienna, Austria
ICOAS - EI 2017	2017 2nd International Conference on Automation Sciences (ICOAS 2017)--EI Compendex, Scopus	Phnom Penh, Cambodia
GCAI  2017	The 3rd Global Conference on Artificial Intelligence (GCAI 2017), Miami, USA, 18-22 October 2017	Miami, USA
ICBEB 2017	2017 International Conference on Biomedical Engineering and Bioinformatics (ICBEB 2017)--CPCI, Ei Compendex and Scopus	Bangkok, Thailand
ICIBB - Ei 2017	2017 International Conference on Innovations in Biometrics and Biostatistics (ICIBB 2017)--CPCI, Ei Compendex and Scopus	Bangkok, Thailand
ICRCA - Ei 2017	2017 The 2nd International Conference on Robotics, Control and Automation (ICRCA 2017)--Ei Compendex and Scopus	Kitakyushu, Japan
CAIIT 2017	2017 International Conference on Artificial Intelligence and Information Technology (CAIIT 2017)--Ei&Scopus	Hong Kong
MIG 2017	ACM SIGGRAPH Conference on Motion in Games	Barcelona, Spain
Algorithmic news 2018	ALGORITHMS, AUTOMATION, AND NEWS: CAPABILITIES, CASES, AND CONSEQUENCES	Munich, Germany
SPIE - ICRMV 2017	2017 The 2nd International Conference on Robotics and Machine Vision (ICRMV 2017)--Ei Compendex and Scopus	Kitakyushu, Japan
DT  2017	Deduktionstreffen 2017	TU Dortmund, Germany
CISC 2017	1st Workshop on Computational Intelligence & Soft Computing	Portland, USA 
DEAs 2017	Data Enabled Applications 2017	Bandar Seri Begawan, Brunei
MIWAI 2017	The 11th Multi-disciplinary International Workshop on Artificial Intelligence	Bandar Seri Begawan, Brunei
Robot 2017	Third Iberian Robotics Conference	Seville, Spain
CSI 2017	Computer Society Of Iran 	Shiraz, Iran
AISP-2017	Artificial Intelligence and Signal Processing 	Shiraz, Iran
IEEE--ICAVE 2017	2017 International Conference on Automotive and Vehicle Engineering (ICAVE 2017)-IEEE Xplore and Ei Compendex	Singapore
ICITE 2017	2017 2nd International Conference on Intelligent Transportation Engineering (ICITE 2017)-IEEE Xplore and Ei Compendex	Singapore
ICRAS 2017	2017 International Conference on Robotics and Automation Sciences (ICRAS 2017)--IEEE, Ei Compendex and Scopus	Hong Kong
IEEE ITOEC 2017	2017 IEEE 3rd Information Technology and Mechatronics Engineering Conference 	Chongqing, China
ICCIA 2017	2017 the 2nd IEEE International Conference on Computational Intelligence and Applications	Beijing, China
IEEE CISDA 2017	2017 IEEE Symposium on Computational Intelligence for Security and Defense Applications  	Hawaii, USA
ISAIR 2017	The 2nd International Symposium on Artificial Intelligence and Robotics 2017	Kitakyushu, Japan
AIAAT 2017	2017 International Conference on Artificial Intelligence Applications and Technologies(AIAAT 2017)	Hawaii, USA
ICIS 2017	The Second International Conference on Intelligence Science	Shanghai, China
CICLOPS 2017	15th International Colloquium on Implementation of Constraint and LOgic Programming Systems	Melbourne, Australia
KDWEB 2017	3rd International Workshop on Knowledge Discovery on the Web	Cagliari, Italy
CEEC 2017	9th Computer Science & Electronic Engineering Conference 	Colchester, UK
RecSysKTL 2017	Workshop on Intelligent Recommender Systems by Knowledge Transfer and Learning	Como, Italy
BFAL 2017	International Conference on Brain Function Assessment in Learning	Patras, Greece
ACLing 2017	The Third International Conference on Arabic Computational Linguistics	Dubai, UAE
ISDM 2017	ISDM@INTELLI 2017 : Intelligent Support for Decision Making at INTELLI 2017	Nice, France
IJCAI - CAI4HCD 2017	IJCAI 2017 WORKSHOP ON:  COGNITION AND ARTIFICIAL INTELLIGENCE FOR HUMAN-CENTRED DESIGN	Melbourne, Australia
SYNASC 2017	19th International Symposium on  Symbolic and Numeric Algorithms for Scientific Computing	Timisoara, Romania
ICCSSE 2017	2017 3rd International Conference on Control Science and Systems Engineering (ICCSSE 2017)--IEEE, Ei Compendex	Beijing, China
PLP 2017	Probabilistic logic programming 2017	Orleans, France
IEEE--ISCBI 2017	ISCBI 2017 (5th International Symposium on Computational and Business Intelligence)-IEEE Xplore and Ei Compendex	Dubai, UAE
ICONIP 2017	International Conference on Neural Information Processing	Guangzhou, China
ICDME - IOP 2017	2nd International Conference on Design and Manufacturing Engineering (ICDME 2017)--Ei Compendex	Guangzhou, China
ICISIP 2017	The 5th IIAE International Conference on Intelligent Systems and Image Processing 2017	Hawaii, USA
CILC 2017	32nd Italian Conference on Computational Logic	Naples, Italy
DS 2017	The 20th International Conference on Discovery Science	Kyoto, Japan
LL@ICML 2017	Workshop on Lifelong Learning: A Reinforcement Learning Approach @ICML 2017	Sydney, Australia
AI*IA 2017	16th International Conference of the Italian Association for Artificial Intelligence	Bari, Italy
ISSEA 2017	Special Session on Intelligent Systems and Software Engineering Advances	Druskininkai, Lithuania
SocInf 2017	3rd International Workshop on Social Influence Analysis	Melbourne, Australia
7th ICITCS 2017	iCatse International Conference on IT Convergence and Security	Seoul, South Korea
DX 2017	28th International Workshop on Principles of Diagnosis	Brescia, Italy
CRC 2017	2nd International Conference on Cybernetics, Robotics and Control	Chengdu, China
WAAE 2017	IJCAI-17 Workshop on AI Applications in E-Commerce	Melbourne, Australia
IEEE--ICSGSC 2017	2017 IEEE International Conference on Smart Grid and Smart Cities (ICSGSC 2017)--IEEE Xplore and Ei Compendex	Singapore
SML 2017	IJCAI Workshop on Semantic Machine Learning (SML 2017)  	Melbourne, Australia
CCKS 2017	China Conference on Knowledge Graph and Semantic Computing (CCKS2017)	Chengdu, China
ICAIR 2017	2017 2nd International Conference on Artificial Intelligence and Robotics (ICAIR 2017)	Prague, Czech Republic
WISTIPS 2017	INFORMATION AND SOFTWARE TECHNOLOGIES FOR INTELLIGENT POWER SYSTEMS	Druskininkai, Lithuania
BRACIS 2017	6th Brazilian Conference on Intelligent Systems	Uberlandia, Brazil
RAAI 2017	1st Conference on Recent Advances in Artificial Intelligence (RAAI)	Bucharest, Romania
【Ei】-ICAIR 2017	2017 2nd International Conference on Artificial Intelligence and Robotics (ICAIR 2017)	Prague, Czech Republic
NIPS 2017	The Thirty-first Annual Conference on Neural Information Processing Systems	Long Beach, USA
ICTTE 2017	6th International Conference on Transportation and Traffic Engineering -Ei,ISI and Scopus	Hong Kong
LACATODA -  2017	Linguistic and Cognitive Approaches to Dialog Agents (IJCAI Workshop)	Melbourne, Australia
ICIII 2017	ICIII 2017 - 2017 5th International Conference on Industrial and Intelligent Information	Krakow, Poland
ICCSE 2017	The 2017 International Conference on Crowd Science and Engineering	Beijing, China
ISWC 2017	16th International Semantic Web Conference	Vienna, Austria
MEDS 2017	3rd International Conference on Medical Sciences	Chennai, India
ITCCMA 2017	Fourth International Conference on Information Technology, Control, Chaos, Modeling and Applications	Dubai, UAE
AIAP 2017	4th International Conference on Artificial Intelligence and Applications	Vienna, Austria
AIFZ 2017	3rd International Conference on Artificial Intelligence and Fuzzy Logic Systems	Dubai, UAE
MECH 2017	4th International Conference on Mechanical Engineering	Vienna, Austria
CSITY 2017	3rd International Conference on Computer Science, Engineering and Information Technology	Dubai, UAE
CCSEIT 2017	7th International Conference on Computer Science, Engineering and Information Technology	Vienna, Austria
TIME 2017	24th International Symposium on Temporal Representation and Reasoning	Mons, Belgium
KDH@IJCAI 2017	The 2nd International Workshop on Knowledge Discovery in Healthcare Data (KDH) - aligning with IJCAI 2017	Melbourne, Australia
ICMAE 2017	2017 The 8th International Conference on Mechanical and Aerospace Engineering (ICMAE 2017)—IEEE and Ei Compendex	Prague, Czech Republic
ICCST 2017	The 51st International Carnahan Conference on Security Technology	Madrid, Spain
MENDEL SCC 2017	MENDEL 2017: 23rd International Conference on Soft Computing	Brno, Czech Republic
AIMA 2017	7th International Workshop on Artificial Intelligence in Medical Applications	Prague, Czech Republic
FedCSIS 2017	2017 Federated Conference on Computer Science and Information Systems	Prague, Czech Republic
SASO 2017	The Eleventh IEEE International Conference on Self-Adaptive and Self-Organizing Systems  (SASO 2017) 	Tucson, USA
AAIA 2017	12th International Symposium Advances in Artificial Intelligence and Applications	Prague, Czech Republic
COREDEMA 2017	3rd International Workshop on Conflict Resolution in Decision Making	Melbourne, Australia
SemDial (SaarDial) 2017	The 21st SemDial Workshop on the Semantics and Pragmatics of Dialogue	Saarland, Germany
ILP 2017	Inductive Logic Programming conference	Orleans, France
KI 2017	The 40th German Conference on Artificial Intelligence	Dortmund, Germany
ICIIP 2018	【ACM-ICPS】2018 3rd International Conference on Intelligent Information Processing	Guilin, China
SAT 2017	20th International Conference on Theory and Applications of Satisfiability Testing	Melbourne, Australia
AIMS 2017	The 6th IEEE International Conference on AI & Mobile Services	Hawaii, USA
KES PR TAC 2017	Extended Deadline KES 2017 Session on Pattern Recognition: Trends, Applications and Challenges	Marseille, France
FTC 2017	FTC 2017 - Future Technologies Conference 2017	Vancouver, Canada
IDAP  2017	International Artificial Intelligence and Data Processing Symposium	Malatya, Turkey
BASC 2017	International Workshop on Big Data Applications for Smart Cities	San Francisco, USA
ICOSE 2017	2017 International Conference on Software Engineering (ICOSE 2017) -- EI &Scopus	Beijing, China
CAnimAI 2017	CAnimAI: Computer Animation and Artificial Intelligence	Arras, France
DSCI 2017	CFP deadline Apr 28 23:59 GMT, Data Science and Computational Intelligence@San Francisco, USA	San Francisco, USA
AGI 2017	Artificial General Intelligence	Melbourne, Australia
ISS for IISA Conference 2017	Intelligent Secured Systems track 	Larnaca, Cyprus
EANN 2017	18th Engineering Applications of Neural Networks 2017	Athens, Greece
Canadian AI Industry Track 2017	 AI in industry, challenges in real life products 	Edmonton, Canada
ADBIS 2017	21st European Conference on Advances in Databases and Information Systems	Nicosia, Cyprus
WISA 2017	9th Workshop on Intelligent Systems and Applications	Lisbon, Portugal
AITS@EPIA 2017	Artificial Intelligence in Transportation Systems 	Porto, Portugal
MASTA@EPIA 2017	Multi-Agent Systems: Theory and Applications (Thematic Track at EPIA2017)	Porto, Portugal
 SLIOIA/ASAI 2017	Latin American Symposium on Operations Research & Artificial Intelligence - Argentine Symposium on Artificial Intelligence	Cordoba, Argentina
CSMO 2017	2017 International Conference on Simulation, Modeling and Optimization (CSMO 2017)--Ei&Scopus	Phuket, Thailand
ICOCB - EI 2017	2017 International Conference on Computational Biology (ICOCB 2017)-EI Compendex, Scopus, and ISI CPCS	Jakarta, Indonesia
ICCIDS 2017	IEEE International Conference on Computational Intelligence in Data Science	Chennai, India
HSI 2017	The 10th International Conference on Human System Interaction	Ulsan, South Korea
PReMI 2017	Seventh International Conference on Pattern Recognition and Machine Intelligence	Kolkata, India
AI 2017	30th Australasian Joint Conference on Artificial Intelligence	Melbourne, Australia
BCI 2017	8th Balkan Conference in Informatics	Skopje, Macedonia
EPIA 2017	 EPIA Conference on Artificial Intelligence -- Journal Track	Porto, Portugal
iSAI-NLP 2017	The Joint International Symposium on Artificial Intelligence and Natural Language Processing	Hua-Hin, Thailand
TSD 2017	20th International Conference on Text, Speech and Dialogue	Prague, Czech Republic
SISSY 2017	4th International Workshop on Self-Improving System Integration	Columbus, USA
RIS 2017	The International Workshop on Reasoning in Smart-Homes	Exeter, UK
GECCOsws 2017	GECCO Student Workshop	Berlin, Germany
ICBBT- Ei 2017	2017 9th International Conference on Bioinformatics and Biomedical Technology (ICBBT 2017)--Ei Compendex and Scopus	Lisbon, Portugal
AHS 2017	Adaptive Hardware and Systems	Pasadena, USA
ICCBR 2017	International Conference on Case-Based Reasoning	Trondheim, Norway
MUME  2017	The 5th International Workshop on Musical Metacreation	Atlanta, USA
IEEE-ICMSC 2017	IEEE--2017 International Conference on Mechanical, System and Control Engineering (ICMSC 2017)-Ei, Scopus	St. Petersburg, Russia
PACMA 2017	Physiological and Affective Computing: Methods and Applications	Trieste, Italy
RuleML+RR 2017	RuleML+RR 2017 Doctoral Consortium	London, UK
WI 2017	IEEE/WIC/ACM International Conference on Web Intelligence 2017	Leipzig, Germany
ICINCO 2017	International Conference on Informatics in Control, Automation and Robotics	Madrin, Spain
AIAPP 2017	Fourth International Conference on Artificial Intelligence and Applications	Geneva, Switzerland
JFPC 2017	Treizièmes Journées Francophones de Programmation par Contraintes 	Montreuil sur Mer, France
CoSIT 2017	Fourth  International Conference on Computer Science and Information Technology 	Geneva, Switzerland
ICSN 2017	iCatse Conference on Software Networking	Kuala Lumpur, Malaysia
IE 2017	13th International Conference on Intelligent Environments (IE’17)	Seoul, South Korea
EI--AIACT 2017	2017 International Conference on Artificial Intelligence, Automation and Control Technologies--Ei & SCOPUS	Wuhan, China
MAICS 2017	The 28th Modern Artificial Intelligence and Cognitive Science Conference	Fort Wayne, USA
UAI 2017	Uncertainty in Artificial Intelligence	Sydney, Australia
ICCMIT  2017	International Conference on Communication, Management and Information Technology (ICCMIT 2017)	Warsaw, Poland
IROS 2017	IEEE/RSJ International Conference on Intelligent Robots and Systems	Vancouver, Canada
ICCMIT  2017	International Conference on Communication, Management and Information Technology (ICCMIT 2017)	Warsaw, Poland
ICIST  2017	7th International Conference on Information Systems and Technologies	Dubai, UAE
IEEE-ICIM 2017	2017 3rd IEEE International Conference on Information Management (ICIM 2017)--Ei Compendex	Chengdu, China
Smart-CT 2017	2nd International Conference on Smart Cities	Malaga, Spain
IoTAAL 2017	3rd IEEE International Workshop on Internet of Things for Active and Assisted Living (IoTAAL)	Geneva, Switzerland
CYBI 2017	Fourth International Conference on Cybernetics & Informatics	Geneva, Switzerland
AIED DC 2017	Call for Doctoral Consortium Papers at the AIED 2017	Wuhan, China
SDS 2017	Swiss Conference on Data Science 	Bern, Switzerland
IoA 2017	The Second International Workshop on the Internet of Agents (IoA) 	Sao Paulo, Brazil
IJCAI 2017	International Joint Conference on Artificial Intelligence	Melbourne, Australia
HAIS 2017	The 12th International Conference on Hybrid Artificial Intelligence Systems	La Rioja, Spain
KES IDT DSS 2017	extended deadline and scope of the KES IDT DSS 2017 : KES IDT - Decision Support Systems - Special Session	Vilamoura, Portugal
ISCIA 2017	International Symposium on Computational Intelligence & Applications 	Melaka, Malaysia
HAIS 2017	The 12th International Conference on Hybrid Artificial Intelligence Systems	La Rioja, Spain
KES-IDT-17 / IS09 (IDT-CMS 2017) 2017	Invited Session on Intelligent Decision Technologies for Manned and Unmanned Combat and Mission Systems	Vilamoura, Portugal
KES-AMSTA-17 / IS04 (AMAT-CMS 2017) 2017	Invited Session on Agent and Multi-Agent Based Technologies in Current and Future Combat and Mission Systems	Vilamoura, Portugal
ICBEA 2017	2017 International Conference on Biometrics Engineering and Application (ICBEA 2017)--Ei Compendex and Scopus	Hong Kong
ICACNI 2017	5th International Conference on Advanced Computing, Networking, and Informatics (proceedings by Springer)	Goa, India
KES IDT DSS 2017	KES IDT - Decision Support Systems - Special Session	Vilamoura, Portugal
AgTAmI 2017	The International Workshop on Agent Technology for Ambient Intelligence	Bucharest, Romania
ISMIS 2017	23rd International Symposium on Methodologies for Intelligent Systems	Warsaw, Poland
DCAI 2017	14th International Conference on Distributed Computing and Artificial Intelligence	Porto, Portugal
GECCO 2017	Genetic and Evolutionary Computation Conference	Berlin, Germany
AISB 2017	Swarm Intelligence & Evolutionary Computation	Bath, Uk 
WASMM 2017	Web and Social Media Mining- PAAMS Special Session	Porto, Portugal
SCIA@PAAMS 2017	Workshop on Smart Cities and Intelligent Agents (SCIA)	Porto, Portugal
HealTech 2017	HealTech: Healthcare Technology Trends	Nice, France
ICCSAMA 2017 - CFP 2017	ICCSAMA 2017 - Call for Papers	Berlin, Germany
CEC SS on Eng Appl 2017	CEC 2017 Special Session on Engineering Applications of Evolutionary Computation	San Sebastian, Spain
SSCIG-CEC 2017	Special Session on Computational Intelligence and Games	San Sebastian, Spain
ICAIL 2017	 16th International Conference on Artificial Intelligence and Law	London, UK
SS-MLID-IWANN 2017	Special Session on Machine Learning in Imbalanced Domains, IWANN2017, LNCS, Cadiz (Spain), June 2017	Cadiz, Spain
FSAG@FUZZ-IEEE 2017	Special Session on Fuzzy Set Approaches to Geosciences	Naples, Italy
SS-MLRE-IWANN 2017	Special Session on Machine learning for renewable energy applications (IWANN'2017), Cadiz (Spain), June 2017	Cadiz, Spain
FiCloud 2017	Call for Workshops in The 5th International Conference on Future Internet of Things and Cloud	Prague, Czech Republic
ParLearning 2017	The 6th International Workshop on Parallel and Distributed Computing for Large Scale Machine Learning and Big Data Analytics	Orlando, USA
ICAISC 2017	International Conference on Artificial Intelligence and Soft Computing	Zakopane, Poland
CCML 2017	The 16th China Conference on Machine Learning	Tianjin, China
LPAR 2017	International Conferences on Logic for Programming, Artificial Intelligence and Reasoning	Maun, Botswana
EI-ICDES 2017	2017 Second International Conference on Design Engineering and Science (ICDES 2017)	Kortrijk, Belgium
